founder,company,location,employees
Eugène Schueller,L'Oréal,Paris,77500
August Horch,Audi,Ingolstadt,84435
Joseph Lazarus Morpurgo,Assicurazioni Generali,Trieste,85320
Charles F. Erhart,Pfizer,Manhattan,92400
Andrew W. Mellon,Alcoa,New York City,61000
Roy Raymond,Victoria's Secret,Columbus,97000
George Merck,Merck & Co.,Kenilworth,70000
George Merck,Merck & Co.,Kenilworth,68000
Roman Abramovich,Gazprom Neft,Saint Petersburg,67800
Thomas Sutherland,The Hongkong and Shanghai Banking Corporation Limited,Hong Kong,68294
Rafael del Pino,Ferrovial,calle del Príncipe de Vergara,95978
August Kühne,Kuehne + Nagel,Feusisberg,76000
Kazuo Inamori,Kyocera,Fushimi-ku,61468
Hans-Werner Hector,SAP SE,Walldorf,96498
Friedrich Nagel,Kuehne + Nagel,Feusisberg,76000
Earl Bakken,Medtronic plc,Ireland,86000
Charles Martin Hall,Alcoa,New York City,61000
Joseph-Armand Bombardier,Bombardier,Montreal,65698
Charles Pfizer,Pfizer,Manhattan,92400
Carlos Slim,Grupo Carso,Mexico City,78904
Jack Northrop,Northrop Grumman,Los Angeles,65600
Larry Page,Google,Mountain View,85050
Parmanand Hinduja,Hinduja Group,London,72000
Thomas Spencer,Marks & Spencer,London,85813
Michael Marks,Marks & Spencer,London,85813
Adolf Dassler,Adidas,Herzogenaurach,60617
Thomas Spencer,Marks & Spencer,Leeds,85813
Michael Marks,Marks & Spencer,Leeds,85813
José María Arizmendiarrieta,Mondragon Corporation,Mondragón,63616
José María Arizmendiarrieta,Mondragon Corporation,Mondragón,73635
José María Arizmendiarrieta,Mondragon Corporation,Mondragón,80818
Joseph Lucas,Lucas Industries,Birmingham,92000
Les Wexner,L Brands,Columbus,94600
Bobby Kotick,"Activision Publishing, Inc.",Santa Monica,90000
Richard Branson,Virgin Group,London,69000
William Knox D'Arcy,BP,London,73000
Leo Kahn,Staples Inc.,Boston,79075
Thomas Sutherland,The Hongkong and Shanghai Banking Corporation Limited,HSBC Building,68294
Claus Wellenreuther,SAP SE,Walldorf,96498
David Crane,"Activision Publishing, Inc.",Santa Monica,90000
Jack Northrop,Northrop Grumman,Falls Church,65600
Charles Lazarus,"Toys ""R"" Us",Wayne,64000
Charles Lazarus,"Toys ""R"" Us",Wayne,66000
Jack Northrop,Northrop Grumman,West Falls Church,65600
Nik Powell,Virgin Group,London,69000
Vannevar Bush,Raytheon,Waltham,72000
"Donald Wills Douglas, Sr.",McDonnell Douglas,St. Louis,63000
Francisco Roig Ballester,Mercadona,Tavernes Blanques,79563
Peter Dussmann,Dussmann,Berlin,63500
Charles Lazarus,"Toys ""R"" Us",New Jersey,64000
Charles Lazarus,"Toys ""R"" Us",New Jersey,66000
William Redington Hewlett,Hewlett-Packard,Palo Alto,66000
Masayoshi Son,SoftBank,Minato-ku,68402
Leroy Grumman,Northrop Grumman,Los Angeles,65600
James Smith McDonnell,McDonnell Douglas,St. Louis,63000
Dorabji Tata,Tata Steel,Mumbai,80391
Hasso Plattner,SAP SE,Walldorf,96498
Sandra Lerner,Cisco Systems,San Jose,75900
Arthur Vining Davis,Alcoa,New York City,61000
Thomas Alva Edison,Thales Group,Neuilly-sur-Seine,63730
Arnold Peter Møller,Maersk,Copenhagen,80220
Phil Knight,Nike,Beaverton,74400
John Paterson,Standard Bank,London,69000
"Marcus Samuel, 1st Viscount Bearsted",Royal Dutch Shell,London,92000
Klaus Tschira,SAP SE,Walldorf,96498
Louis Upton,Whirlpool Corporation,Benton Charter Township,92000
William Clement Stone,Aon plc,London,65000
John Deere,John Deere,Moline,67000
Dietmar Hopp,SAP SE,Walldorf,96498
Larry Kaplan,"Activision Publishing, Inc.",Santa Monica,90000
David Packard,Hewlett-Packard,Palo Alto,66000
Masayoshi Son,SoftBank,Tokyo,68402
Leroy Grumman,Northrop Grumman,Falls Church,65600
Leroy Grumman,Northrop Grumman,West Falls Church,65600
Alfred E. Hunt,Alcoa,New York City,61000
Ibn Saud,Royal Saudi Air Force,Riyadh,81000
Frederick Upton,Whirlpool Corporation,Benton Charter Township,92000
Karl Benz,Daimler-Benz,Stuttgart,90000
Frank Seiberling,Goodyear Tire and Rubber Company,Akron,63000
Thomas Alva Edison,Thales Group,La Défense,63730
Gottlieb Daimler,Daimler-Benz,Stuttgart,90000
Bill Bowerman,Nike,Beaverton,74400
Sergey Brin,Google,Mountain View,85050
Jagdish Chandra Mahindra,Mahindra & Mahindra,Mumbai,65000
Leonard Bosack,Cisco Systems,San Jose,75900
Palmer Hermundslie,Medtronic plc,Ireland,86000
James Wilson,Standard Chartered,London,86000
Norberto Odebrecht,Odebrecht,Salvador,79616
John W. Nordstrom,Nordstrom,Seattle,72500
Bob Whitehead,"Activision Publishing, Inc.",Santa Monica,90000
"Marcus Samuel, 1st Viscount Bearsted",Royal Dutch Shell,The Hague,92000
Getúlio Vargas,Petrobras,Rio de Janeiro,62703
Charles Dolan,Altice USA,Bethpage,13656
Serge Godin,CGI Group,Montreal,68000
John Paterson,Standard Bank,Johannesburg,69000
Yves Guillemot,Ubisoft,Rennes,13742
Yasuhiko Shōgaki,Saizeriya,Saitama Prefecture,2255
Michel Guillemot,Ubisoft,Rennes,13742
Darryl F. Zanuck,20th Century Fox,Fox Plaza,2300
Ernst Henrich Berling,Berlingske Media,Copenhagen,2367
Ronald Stordahl,Digi-Key,Thief River Falls,2400
Randall Kaplan,Akamai Technologies,"Cambridge, Massachusetts",2654
Abraham Kuyper,Vrije Universiteit Amsterdam,Amsterdam,2200
Lorenzo Ostuni,Fitch Group,London,2300
Daniel James,Phelps Dodge,Phoenix,13500
Martin van der Hagen,Nutricia,Zoetermeer,12888
Muhammad Jalaluddin Sayeed,Neptune Orient Lines,Singapore,13000
Joe Mansueto,"Morningstar, Inc.",Chicago,2375
Vladimir Yevtushenkov,Sistema,Moscow,70000
John Cadbury,Cadbury,Uxbridge,71657
Erich Paulun,Tongji University,Shanghai,2786
Arkady Shvetsov,Aviadvigatel,Perm,2663
Joseph M. Schenck,20th Century Fox,Fox Plaza,2300
Robert S. Kapito,BlackRock,New York City,13411
Steven Kolow,Boston Market,Boston,14000
Charles R. Schwab,Charles Schwab Corporation,San Francisco,12400
Pierre Omidyar,eBay,San Jose,12600
Carl Julius Winter,Wintershall,Kassel,2514
Herbert Boyer,Genentech,South San Francisco,14815
Kazuo Kashio,Casio,Shibuya,12287
Andrew Carnegie,TIAA-CREF,New York City,12950
Haldor Topsøe,Haldor Topsoe,Ravnholm,2430
Wang Jianlin,Wanda Commercial,Dalian,63881
Steven Kolow,Boston Market,Golden,14000
Emily Williamson,Royal Society for the Protection of Birds,The Lodge RSPB reserve,2409
Liu Qiangdong,JD.com,Beijing,62000
Gustave Moynier,International Committee of the Red Cross,Geneva,15448
Oleg Deripaska,Rusal,Moscow,64000
Sergey Brin,Alphabet Inc.,Mountain View,80110
Matthew Hamilton Gault,Sun Life Financial,Toronto,15000
William Fox,20th Century Fox,Fox Plaza,2300
George J. Mecherle,State Farm Insurance,Bloomington,67029
Serge Godin,CGI Group,E-Commerce Place,68000
Tony Ryan,Ryanair,Dublin Airport,13000
Pietro Barilla,Barilla Group,Parma,12689
Jesús de Polanco,PRISA,Madrid,13100
Roland Duchâtelet,X-Fab,Dresden,2600
Arkady Rotenberg,Stroygazmontazh,Moscow,16000
Tim Westergren,Pandora Radio,Oakland,2200
Sanju Bansal,MicroStrategy,Tysons,2528
William E. Dodge,Phelps Dodge,Phoenix,13500
Simon Lazard,Lazard,London,2523
Jozef Képesi,Kiwi.com,Brno,2600
Matthew Hamilton Gault,Sun Life Financial,Waterloo,15000
Serge Kampf,Sogeti,Paris,2500
David Álvarez Díez,Eulen,Bilbao,86206
Alexander I of Russia,Kazan Federal University,Kazan,2300
Manoel Dias Branco,M. Dias Branco,Eusébio,14000
F. Thomson Leighton,Akamai Technologies,"Cambridge, Massachusetts",2654
Hartley Peavey,Peavey Electronics,Meridian,2400
Carl von Linde,Linde,Angerhof,63487
Stephen Tindall,The Warehouse Group,Auckland,14800
Richard Nixon,United States Environmental Protection Agency,William Jefferson Clinton Federal Building,14172
Jeffrey Katzenberg,DreamWorks Animation,Glendale,2429
Martin van der Hagen,Nutricia,Amsterdam,12888
John Mackey,Whole Foods Market,Austin,91000
Jiří Hlavenka,Kiwi.com,Brno,2600
Tulsi Tanti,Suzlon Energy,Pune,13000
Oliver Dlouhý,Kiwi.com,Brno,2600
Daniel Lewin,Akamai Technologies,"Cambridge, Massachusetts",2654
Guillaume Henri Dufour,International Committee of the Red Cross,Geneva,15448
Hassan Khosrowshahi,Future Shop,Burnaby,14000
Fritz Sennheiser,Sennheiser,Wedemark,2100
L. Ron Hubbard,Church of Scientology,Gold Base,13000
Paul Reuter,Reuters,London,14000
"Henry Brougham, 1st Baron Brougham and Vaux",University College London,UCL Main Building,12830
Mehmet Emin Karamehmet,Turkcell,Istanbul,13901
Robert A. Swanson,Genentech,South San Francisco,14815
Octave Klaba,OVHcloud,Roubaix,2750
Penny Pritzker,"Vi Senior Living, Classic Residence",Chicago,2700
Larry Page,Alphabet Inc.,Mountain View,80110
Lyndon Rive,SolarCity,San Mateo,13000
Chip Wilson,Lululemon Athletica,Vancouver,13400
Yves Guillemot,Ubisoft,Montreuil,13742
Axel Springer,Axel Springer SE,Berlin,13917
Hans Wilsdorf,Rolex,Geneva,2800
Matthew Hamilton Gault,Sun Life Financial,Sun Life Building,15000
Michel Guillemot,Ubisoft,Montreuil,13742
Élie Lazard,Lazard,London,2523
Al Copeland,Popeyes Louisiana Kitchen,Atlanta,2130
Michael J. Saylor,MicroStrategy,Tysons,2528
Ole Kirk Christiansen,The Lego Group,Billund,13974
Daniel Melihov,Domino's Pizza,Ann Arbor Charter Township,14100
August Howaldt,Howaldtswerke-Deutsche Werft,Kiel,2400
Aloke Lohia,Indorama Ventures,Bangkok,14000
José Ortega Spottorno,PRISA,Madrid,13100
Jon Kraft,Pandora Radio,Oakland,2200
Yang Guoqiang,Country Garden,Shunde District,70000
Anson Green Phelps,Phelps Dodge,Phoenix,13500
Roland Duchâtelet,X-Fab,Tessenderlo,2600
Alexandre Lazard,Lazard,London,2523
Hugo Boss,Hugo Boss,Metzingen,14685
Ben Dunne,Dunnes Stores,Dublin,15000
Agha Hasan Abedi,United Bank,Karachi,13000
Roland Duchâtelet,X-Fab,Erfurt,2600
Henry Dunant,International Committee of the Red Cross,Geneva,15448
Bill H. Gross,PIMCO,Newport Beach,2462
Carl Paul Goerz,Goerz,Berlin,2500
Norman Wait Harris,BMO Harris Bank,Chicago,14000
Marcel Bich,Société Bic,Paris,14934
Marc Benioff,Salesforce.com,Salesforce Tower,13300
Marc Benioff,Salesforce.com,Salesforce Tower,2070
Marc Benioff,Salesforce.com,Salesforce Tower,2606
Clyde Cessna,Cessna,Wichita,15000
Bob Kaplan,Canadian Security Intelligence Service,Ottawa,2449
Peter Bang,Bang & Olufsen,Struer,2046
Steven Spielberg,DreamWorks Animation,Glendale,2429
Marcel Bich,Société Bic,Clichy,14934
Leon Hess,Hess Corporation,New York City,2075
Robert V. West Jr.,Andeavor,San Antonio,14300
Friedrich Weyerhäuser,Weyerhaeuser,Federal Way,13200
Laurence D. Fink,BlackRock,New York City,13411
Yin Mingshan,Lifan Group,Chongqing,13653
André Besnier,Lactalis,Laval,75000
Frank Wang,DJI,Shenzhen,2800
Hannibal Sehested,Posten Norge,Oslo,15021
David Geffen,DreamWorks Animation,Glendale,2429
Margaretta Louisa Lemon,Royal Society for the Protection of Birds,The Lodge RSPB reserve,2409
Louis Appia,International Committee of the Red Cross,Geneva,15448
Richard Nixon,United States Environmental Protection Agency,"Washington, D.C.",14172
Théodore Maunoir,International Committee of the Red Cross,Geneva,15448
John C. Bogle,The Vanguard Group,Malvern,15000
Ikutaro Kakehashi,Roland Corporation,Hamamatsu,2233
Ferdinand Porsche,Porsche,Stuttgart,12722
André Citroën,Citroën,Paris,13500
Eliza Phillips,Royal Society for the Protection of Birds,The Lodge RSPB reserve,2409
Tony Tan,Jollibee Foods Corporation,Pasig,18235
Eike Batista,EBX Group,Flamengo District,13000
Randolph Fields,Virgin Atlantic,Crawley,8875
Alexandru Ioan Cuza,CEC Bank,CEC Palace,6584
James Lindenberg,ABS-CBN Corporation,Quezon City,7406
Egbert Douwes,Douwe Egberts,Amsterdam,7579
Sheng Xuanhuai,Red Cross Society of China,Beijing,7774
Jerry Sanders,Advanced Micro Devices,Sunnyvale,8900
Chance M. Vought,Vought,Dallas,6642
David Sarnoff,NBC,30 Rockefeller Plaza,7000
Frederik Paulsen senior,Ferring Pharmaceuticals,Saint-Prex,6500
Jerry Sanders,Advanced Micro Devices,California,8900
Nicolas Villeroy,Villeroy & Boch,Mettlach,7673
Casimir III the Great,Jagiellonian University,Kraków,7212
Robin Li,Baidu,Beijing,6387
Heinrich Himmler,Sicherheitsdienst,Berlin,6482
Chino Roces,TV5 Network,Mandaluyong,7406
Alan Hellary,Virgin Atlantic,Crawley,8875
Heinrich Himmler,Sicherheitsdienst,Munich,6482
Camille Dreyfus,Celanese,Irving,8400
Ezra Fitch,Abercrombie & Fitch,New Albany,6900
Edward Max Nicholson,World Wide Fund for Nature,Morges,6203
George IV of the United Kingdom,King's College London,London,7250
James Dyson,Dyson,Malmesbury,7000
Vehbi Koç,Tofaş,Istanbul,6500
Frederick VI of Denmark,University of Oslo,Blindern,6194
Jerry Sanders,Advanced Micro Devices,Santa Clara,8900
Elon Musk,SpaceX,California,7000
Yves Guillemot,Ubisoft,Montreuil,6010
Michel Guillemot,Ubisoft,Montreuil,6010
Erasmus,Utrecht University,Utrecht,6700
Jonathan Bell Lovelace,Capital Group Companies,California,7000
John Walker,Autodesk,San Rafael,6800
Shen Dunhe,Red Cross Society of China,Beijing,7774
Jack Gifford,Advanced Micro Devices,Sunnyvale,8900
Fredrik Rosing Bull,Groupe Bull,Les Clayes-sous-Bois,8600
Richard Branson,Virgin Atlantic,Crawley,8875
David T. Abercrombie,Abercrombie & Fitch,New Albany,6900
David Sarnoff,NBC,NBC Tower,7000
Jonathan Bell Lovelace,Capital Group Companies,Los Angeles,7000
Arkady Volozh,Yandex,Amsterdam,8854
Arkady Volozh,Yandex,Amsterdam Airport Schiphol,8854
Elon Musk,SpaceX,Hawthorne,7000
Jack Gifford,Advanced Micro Devices,California,8900
"Arthur Wellesley, 1st Duke of Wellington",King's College London,London,7250
T. J. Rodgers,Cypress Semiconductor,San Jose,6279
Robin Li,Baidu,Cayman Islands,6387
Ilya Segalovich,Yandex,Amsterdam,8854
Ilya Segalovich,Yandex,Amsterdam Airport Schiphol,8854
Marcel Bich,Société Bic,Paris,8176
Marc Benioff,Salesforce.com,Salesforce Tower,7785
Yolanda Farr,World Wide Fund for Nature,Morges,6203
Marcel Bich,Société Bic,Clichy,8176
Amar Bose,Bose Corporation,Framingham,8000
Carl Tchilinghiryan,Tchibo,Hamburg,8300
Boniface VIII,Sapienza University of Rome,Rome,8502
Arkady Volozh,Yandex,Moscow,8854
"Prince Philip, Duke of Edinburgh",World Wide Fund for Nature,Morges,6203
Trip Hawkins,Electronic Arts,California,8400
Trip Hawkins,Electronic Arts,California,8900
Ilya Segalovich,Yandex,Moscow,8854
David Sarnoff,NBC,Stamford,7000
Jack Gifford,Advanced Micro Devices,Santa Clara,8900
John Frederick II,University of Jena,Jena,6979
Richard Swanson,SunPower,San Jose,8309
Guy Mountfort,World Wide Fund for Nature,Morges,6203
Edwin Turney,Advanced Micro Devices,Sunnyvale,8900
Johann Franz Boch-Buschmann,Villeroy & Boch,Mettlach,7673
Julian Huxley,World Wide Fund for Nature,Morges,6203
Yves Guillemot,Ubisoft,Rennes,6010
Louis Philippe I,French Foreign Legion,Aubagne,7699
Michel Guillemot,Ubisoft,Rennes,6010
Edwin Turney,Advanced Micro Devices,California,8900
Peter Scott,World Wide Fund for Nature,Morges,6203
Prince Bernhard of the Netherlands,World Wide Fund for Nature,Morges,6203
Sergei Korolev,S.P. Korolev Rocket and Space Corporation Energia,Moscow,7791
Godfrey A. Rockefeller,World Wide Fund for Nature,Morges,6203
Murray G. Ross,York University,Toronto,7000
Li Jinyuan,Tiens Biotech Group,Tianjin,8000
Trip Hawkins,Electronic Arts,Redwood City,8400
Trip Hawkins,Electronic Arts,Redwood City,8900
Max Herz,Tchibo,Hamburg,8300
David Sarnoff,NBC,10 Universal City Plaza,7000
Edwin Turney,Advanced Micro Devices,Santa Clara,8900
Michel Guillemot,Gameloft,Paris,6200
John Hendricks,Discovery Inc.,Park Avenue,7000
John Hendricks,Discovery Inc.,Silver Spring,7000
David Hitz,NetApp,Sunnyvale,8973
Mark R. Hughes,Herbalife,Cayman Islands,7800
Momofuku Ando,Nissin Food Products,Shinjuku-ku,7408
Sergei Korolev,S.P. Korolev Rocket and Space Corporation Energia,Korolyov,7791
Thierry Hermès,Hermès International S.A.,Paris,8370
Attila Dogudan,Do & Co,Vienna,8660
Momofuku Ando,Nissin Food Products,Yodogawa-ku,7408
Johnnie Bryan Hunt,J. B. Hunt,Lowell,16500
Maksim Nogotkov,Svyaznoy,Moscow,19000
"George Villiers, 6th Earl of Clarendon",British Broadcasting Corporation,London,20591
"George Villiers, 6th Earl of Clarendon",British Broadcasting Corporation,London,20916
Anne Lauvergeon,Areva,Paris,18000
Jim Ratcliffe,Ineos,London,19000
Vikram Sarabhai,Indian Space Research Organisation,Bengaluru,16072
Cher Wang,HTC Corporation,New Taipei City,17280
Günther Fielmann,Fielmann,Barmbek-Süd,18522
Oleg Tinkov,Tinkoff Bank,Moscow,18000
Duncan MacMillan,Bloomberg L.P.,Bloomberg Tower,19000
Johann Rupert,Richemont,Bellevue,19137
Cecil John Rhodes,De Beers,London,20000
Dwight D. Eisenhower,National Aeronautics and Space Administration,"Washington, D.C.",17336
"John Reith, 1st Baron Reith",British Broadcasting Corporation,London,20591
"John Reith, 1st Baron Reith",British Broadcasting Corporation,London,20916
Reinhard Zinkann,Miele,Gütersloh,20100
Reinhard Zinkann,Miele,Gütersloh,19465
Dwight D. Eisenhower,Central Intelligence Agency,George Bush Center for Intelligence,21575
Anne Lauvergeon,Areva,Courbevoie,18000
Harry S. Truman,Central Intelligence Agency,George Bush Center for Intelligence,21575
William Wrigley,Wrigley Company,Chicago,16000
Kaspar Winkler,Sika AG,Baar,19366
Charles-Louis Havas,Havas,Puteaux,18966
Theresa May,Hearst,Hearst Tower,20000
Johann Rupert,Richemont,Geneva,19137
Lei Jun,Xiaomi,Beimao,16683
Leon Feffer,Suzano Papel e Celulose,Salvador,17000
Jayanta Mongkol,Siam Commercial Bank,Bangkok,20000
Michael Bloomberg,Bloomberg L.P.,Bloomberg Tower,19000
Dee Hock,Visa Inc.,Foster City,17000
Karl Wlaschek,Billa,Wiener Neudorf,18400
J. R. D. Tata,Air India,New Delhi,20956
Al Schwimmer,Israel Aerospace Industries,Lod,16500
Helmut Wagner,Rehau Group,Rehau,19134
Igor Kolomoyskiy,PrivatBank,Dnipro,20936
Christian IV of Denmark,Post Danmark,Copenhagen,21163
Marc Benioff,Salesforce.com,Salesforce Tower,16000
Marc Benioff,Salesforce.com,Salesforce Tower,19000
Marvin Bower,McKinsey & Company,New York City,17000
David Neeleman,JetBlue Airways,Long Island City,20000
Thomas Secunda,Bloomberg L.P.,Bloomberg Tower,19000
Troels Holch Povlsen,Bestseller,Brande,17000
Juan Miguel Villar Mir,Obrascón Huarte Lain,Madrid,22580
Karl Toosbuy,ECCO,Bredebro,16328
Henadiy Boholyubov,PrivatBank,Dnipro,20936
Kazuo Inamori,KDDI,Tokyo,18418
Lin Bin,Xiaomi,Beimao,16683
Anita Roddick,The Body Shop,Littlehampton,17000
Fred Trump,The Trump Organization,Trump Tower,22500
James O. McKinsey,McKinsey & Company,New York City,17000
Torakusu Yamaha,Yamaha Corporation,Hamamatsu,20348
Paul Ricard,Pernod Ricard,Paris,18421
Robert M. Widney,University of Southern California,Los Angeles,19035
Aydın Doğan,Doğan Holding,Istanbul,16467
Jay Van Andel,Amway,Michigan,17000
William J. Donovan,Central Intelligence Agency,George Bush Center for Intelligence,21575
Shimon Peres,Israel Aerospace Industries,Lod,16500
Choti Lamsam,Kasikornbank,Bangkok,16881
Thomas Cook,Thomas Cook Group,Peterborough,21800
Homer Stryker,Stryker Corporation,Kalamazoo,22000
Andrey Melnichenko,EuroChem,Zug,21800
Vittorio Merloni,Indesit,Fabriano,16000
Henry Dunant,French Red Cross,Paris,18000
Jacques Servier,Laboratoires Servier,Suresnes,21000
Serhiy Tihipko,PrivatBank,Dnipro,20936
James H. McGraw,S&P Global,New York City,17000
Jimmy Haslam,Pilot Flying J,Knoxville,20000
Richard DeVos,Amway,Michigan,17000
Leonhard Tietz,Kaufhof,Cologne,21500
Bhogaraju Pattabhi Sitaramayya,Andhra Bank,Hyderabad,18656
Silvio Berlusconi,Fininvest,Milan,17918
Oleg Tinkov,Tinkoff Bank,1st Volokolamsky Passage,18000
Carl Miele,Miele,Gütersloh,20100
Carl Miele,Miele,Gütersloh,19465
Elizabeth Trump,The Trump Organization,Trump Tower,22500
Paul Carl Beiersdorf,Beiersdorf,Hamburg,17659
Igor Sikorsky,Sikorsky Aircraft Corporation,Stratford,15975
Bruce Henderson,Boston Consulting Group,Boston,18500
Charles Zegar,Bloomberg L.P.,Bloomberg Tower,19000
David Ogilvy,Ogilvy,New York City,16000
Gérard Blitz,Club Med,France,20333
Gérard Blitz,Club Med,Paris,20333
Harvey Washington Wiley,Food and Drug Administration,White Oak,17468
Harry Markowitz,CACI,Arlington County,20000
Allen Welsh Dulles,Central Intelligence Agency,George Bush Center for Intelligence,21575
Éleuthère Irénée du Pont,DuPont,Wilmington,98000
Gordon Moore,Intel,Santa Clara,106000
Carl von Thieme,Allianz SE,Munich,140253
Eliphalet Adams Bulkeley,Aetna,Hartford,49500
Bob Miner,Oracle Corporation,Redwood Shores,122000
Steve Wozniak,Apple Inc.,Cupertino,137000
Daniel Best,Caterpillar Inc.,Peoria,104000
Camillo Castiglioni,BMW,BMW Headquarters,134563
Ludwig Bamberger,Deutsche Bank,Frankfurt am Main,97535
John Lewis Ricardo,BT Group,BT Centre,104399
Masaru Ibuka,Sony,Minato-ku,128400
André Michelin,Michelin,Clermont-Ferrand,105700
Friedrich Bayer,Bayer,Leverkusen,99820
William Procter,Procter & Gamble,Cincinnati,105000
G. Stanley Hall,American Psychological Association,"Washington, D.C.",134000
Ernest Mercier,Total S.A.,Courbevoie,100000
Friedrich Engelhorn,BASF,Ludwigshafen,115490
James Gamble,Procter & Gamble,Cincinnati,105000
Henry A. Strong,Eastman Kodak,Rochester,97222
Steve Jobs,Apple Inc.,Cupertino,137000
Ed Oates,Oracle Corporation,California,122000
Larry Ellison,Oracle Corporation,Redwood Shores,122000
Robert Wood Johnson I,Johnson & Johnson,New Brunswick,134000
Wilhelm Finck,Allianz SE,Munich,140253
Rex Maughan,Forever Living Products,Scottsdale,100000
Leo Mechelin,Nokia,Espoo,103083
Akio Morita,Sony,Minato-ku,128400
Joseph Tsai,Alibaba Group,Hangzhou,50097
Paul Galvin,Motorola,Schaumburg,53000
Genichi Kawakami,Yamaha Motor Company,Iwata,53306
Carl Bertelsmann,Bertelsmann,Gütersloh,117249
Alan Shugart,Seagate Technology,Cupertino,57900
Dirk Roßmann,Rossmann,Burgwedel,54500
Martin Sorrell,WPP plc,Saint Helier,130000
Robert Noyce,Intel,Santa Clara,106000
Charles Fleetford Sise,Bell Canada,Montreal,55250
William R. Gorham,Nissan,Yokohama,138910
Herb Kelleher,Southwest Airlines,Dallas,59793
Morris Chang,TSMC,Hsinchu Science Park,48000
John Warren Butterfield,American Express,200 Vesey Street,56000
Shin Kyuk-ho,Lotte,Seoul,60000
Henry Wells,American Express,200 Vesey Street,56000
William Fothergill Cooke,BT Group,BT Centre,104399
Jack Ma,Alibaba Group,Hangzhou,50097
Warren S. Johnson,Johnson Controls,Cork,130000
Yoshisuke Aikawa,Nissan,Yokohama,138910
Gerry Whent,Vodafone,London,108271
James Wood Johnson,Johnson & Johnson,New Brunswick,134000
Bob Miner,Oracle Corporation,California,122000
Lázaro Cárdenas,Pemex,Mexico City,138215
Joseph Tsai,Alibaba Group,George Town,50097
Ronald Wayne,Apple Inc.,Cupertino,137000
Rollin King,Southwest Airlines,Dallas,59793
Gerry Whent,Vodafone,Newbury,108271
Fredrik Idestam,Nokia,Espoo,103083
Arthur E. Bartlett,Century 21 Real Estate,Madison,101000
Conrad Hilton,Hilton Hotels & Resorts,McLean,130000
Amancio Ortega,Inditex,Arteixo,103201
Charles E. Merrill,Merrill Lynch,New York City,60000
Vagit Alekperov,Lukoil,Moscow,150000
Hugh J. Chisholm,International Paper,Memphis,58000
Den Kenjirō,Nissan,Yokohama,138910
Edward Mead Johnson,Johnson & Johnson,New Brunswick,134000
Ed Oates,Oracle Corporation,Redwood Shores,122000
Franz Josef Popp,BMW,BMW Headquarters,134563
Wang Chuanfu,BYD Auto,Shenzhen,60000
Ernest Harrison,Vodafone,London,108271
Larry Ellison,Oracle Corporation,California,122000
Karl Rapp,BMW,BMW Headquarters,134563
George Eastman,Eastman Kodak,Rochester,97222
Édouard Michelin,Michelin,Clermont-Ferrand,105700
Albert Butz,Honeywell,Morris Plains,128000
Götz Werner,dm-drogerie markt,Karlsruhe,60000
Mark C. Honeywell,Honeywell,Morris Plains,128000
Jack Ma,Alibaba Group,George Town,50097
Karl Benz,Daimler-Benz,Stuttgart,149800
Morris Chang,TSMC,Hsinchu,48000
Gottlieb Daimler,Daimler-Benz,Stuttgart,149800
Ernest Harrison,Vodafone,Newbury,108271
Axel Wenner-Gren,Electrolux,Stockholm,58000
John VI of Portugal,Bank of Brazil,Brasília,111628
Bertil Hult,EF Education First,Lucerne,52000
Martin Sorrell,WPP plc,London,130000
Paul G. Allen,Microsoft,Redmond,144000
Kiichiro Toyoda,Aisin Seiki,Kariya,100000
Martin Sorrell,WPP plc,Dublin,130000
Bill Gates,Microsoft,Redmond,144000
Tokuji Hayakawa,Sharp Corporation,Ōsaka,50253
William Fargo,American Express,200 Vesey Street,56000
Henry A. Clark,Eastman Kodak,Rochester,97222
Jean-Baptiste Colbert,Saint-Gobain,Courbevoie,185364
Rudolf Dassler,Puma SE,Herzogenaurach,10836
Fernand Renault,Renault,Boulogne-Billancourt,187345
Samuel van den Bergh,Unilever,Rotterdam,168000
Marc Rich,Glencore,Baar,156468
Antonius Johannes Jurgens,Unilever,Rotterdam,168000
Eugène Schneider,Schneider Electric,Rueil-Malmaison,155000
William Boeing,Boeing,Chicago,153000
Samuel van den Bergh,Unilever,Kellen,168000
Thomas Sutherland,HSBC Holdings,8 Canada Square,228000
Charles Stewart Mott,General Motors,Detroit,216000
Kagemasa Kozuki,Konami,Tokyo,10392
Thomas Sutherland,HSBC Holdings,Hong Kong,228000
Antonius Johannes Jurgens,Unilever,Kellen,168000
Henry Ford,Ford Motor Company,Ford World Headquarters,201000
Erling Persson,H&M,Stockholm,177000
Friedrich Krupp,Friedrich Krupp AG,Essen,160000
Charles Stewart Mott,General Motors,Michigan,216000
James Sinegal,Costco,Issaquah,254000
John Jahr,Gruner + Jahr,Hamburg,10079
John Jahr,Gruner + Jahr,Hamburg,10551
Konosuke Matsushita,Panasonic Corporation,Kadoma,257533
J. P. Morgan,JPMorgan Chase,270 Park Avenue,256100
Takeshi Mitarai,Canon Inc.,Krefeld,194151
Samuel Lowell Price,PricewaterhouseCoopers,London,250930
Takeshi Mitarai,Canon Inc.,Ōta-ku,194151
Petr Kellner,PPF Group,Amsterdam,154000
Oscar Lamm,Alfa Laval,Lund,10800
Charles Lewis Tiffany,Tiffany & Co.,New York City,10600
Donald Fisher,"Gap, Inc.",San Francisco,152000
Samuel van den Bergh,Unilever,Wirral,168000
Alain Chevalier,LVMH,Paris,156088
Antonius Johannes Jurgens,Unilever,Wirral,168000
Ray Kroc,McDonald's,Chicago,210000
Amadeo Giannini,Bank of America,Charlotte,204000
Amadeo Giannini,Bank of America,Charlotte,209000
Artem Mikoyan,Mikoyan,Moscow,10090
Gustaf de Laval,Alfa Laval,Lund,10800
Mikhail Gurevich,Mikoyan,Moscow,10090
Koo In-hwoi,LG Corporation,Seoul,222000
"William Lever, 1st Viscount Leverhulme",Unilever,Unilever House,168000
John B. Young,Tiffany & Co.,New York City,10600
Marcel Bich,Société Bic,Paris,10449
Glen Bell,Taco Bell,Irvine,175000
Ding Lei,NetEase,Guangzhou,10004
Henry Wells,Wells Fargo,San Francisco,150500
Richard Nixon,Drug Enforcement Administration,Arlington County,10784
Marcel Bich,Société Bic,Clichy,10449
Henry Racamier,LVMH,Paris,156088
Yuan Geng,Ping An Insurance,Shenzhen,190000
Louis Renault,Renault,Boulogne-Billancourt,187345
Jack Lang,France Télévisions,Paris,11000
William Cooper,PricewaterhouseCoopers,London,250930
Marcel Renault,Renault,Boulogne-Billancourt,187345
Giovanni Agnelli,Fiat S.p.A.,Turin,193348
Ferdinand VII of Spain,Complutense University of Madrid,Rectorado de la UCM,10506
Hiroshi Mikitani,Rakuten,Futako-Tamagawa Rise,10000
"William Lever, 1st Viscount Leverhulme",Unilever,Rotterdam,168000
"Robert Ingersoll Ingalls, Sr.",Ingalls Shipbuilding,Pascagoula,10900
Thomas Burberry,Burberry,London,10629
Hans List,AVL,Graz,10400
Vladimir Putin,Rosatom,Bolshaya Ordynka Street,256600
"William Lever, 1st Viscount Leverhulme",Unilever,Kellen,168000
Friedrich Krupp,Friedrich Krupp AG,"Berndorf, Lower Austria",160000
Frank Phillips,ConocoPhillips,Houston,10800
Gerd Bucerius,Gruner + Jahr,Hamburg,10079
Gerd Bucerius,Gruner + Jahr,Hamburg,10551
Dieter Schwarz,Lidl,Neckarsulm,178741
Doris F. Fisher,"Gap, Inc.",San Francisco,152000
Richard Nixon,Drug Enforcement Administration,Springfield,10784
George W. Bush,United States Department of Homeland Security,Nebraska Avenue Complex,229000
Walt Disney,The Walt Disney Company,Burbank,195000
Richard Gruner,Gruner + Jahr,Hamburg,10079
Richard Gruner,Gruner + Jahr,Hamburg,10551
Roy O. Disney,The Walt Disney Company,Burbank,195000
Louis Loucheur,Vinci,Rueil-Malmaison,194428
Zev Siegl,Starbucks,Seattle,238000
William C. Durant,General Motors,Detroit,216000
Dhirubhai Ambani,Reliance Industries Limited,Mumbai,250000
Lawrence Dale Bell,Bell Flight,Fort Worth jail,10200
Eddie Bauer,"Eddie Bauer Holdings, Inc.",Bellevue,10000
"William Lever, 1st Viscount Leverhulme",Unilever,Wirral,168000
Samuel van den Bergh,Unilever,Unilever House,168000
Ren Zhengfei,Huawei,Longgang District,180000
Jeffrey Brotman,Costco,Issaquah,254000
William C. Durant,General Motors,Michigan,216000
Harry S. Truman,United States Department of Defense,The Pentagon,2870000
Antonius Johannes Jurgens,Unilever,Unilever House,168000
Vladimir Putin,Rosatom,Moscow,256600
Jerry Baldwin,Starbucks,Seattle,238000
Edwin Waterhouse,PricewaterhouseCoopers,London,250930
سعيد اخو مبارك,Starbucks,Seattle,238000
William Fargo,Wells Fargo,San Francisco,150500
Jacques Saadé,CMA CGM,CMA CGM Tower,29740
Jacques Saadé,CMA CGM,Marseille,29740
Theodore Roosevelt,Federal Bureau of Investigation,"Washington, D.C.",35104
Kim Chong-hee,Hanwha,Seoul,30000
Sam Eyde,Norsk Hydro,Oslo,35000
Eberhard Anheuser,Anheuser-Busch,St. Louis,30849
Ludwig Bamberger,Deutsche Bank,Frankfurt am Main,43000
George A. Archer,Archer Daniels Midland,77 West Wacker Drive,31600
Erwin Franz Müller,Müller,Oberentfelden,33635
Anwar Pervez,Bestway,London,33600
Leonardo Del Vecchio,Luxottica,London,35000
Michael Braun,Triumph International,Heubach,33000
Marcus Goldman,Goldman Sachs,200 West Street,34000
Marcus Goldman,Goldman Sachs,200 West Street,34400
Johann Gottfried Spiesshofer,Triumph International,Bad Zurzach,33000
Anton Schlecker,Schlecker,Ehingen,36000
Milan Puskar,Mylan,Canonsburg,35000
R. Stanton Avery,Avery Dennison,Glendale,36000
Clara Barton,American Red Cross,"Washington, D.C.",35000
William H. Moore,U.S. Steel,Pittsburgh,42000
Erwin Franz Müller,Müller,Vienna,33635
Carl Zeiss,Carl Zeiss AG,Oberkochen,29309
Wilhelm Wilhelmsen,Wilh. Wilhelmsen,Lysaker,28000
Erwin Franz Müller,Müller,Ulm,33635
King Camp Gillette,Gillette,Boston,29000
Andy Bechtolsheim,Sun Microsystems,Santa Clara,34600
M. Ct. M. Chidambaram Chettyar,Indian Overseas Bank,Chennai,31846
Elbert Henry Gary,U.S. Steel,Pittsburgh,42000
J. R. D. Tata,Tata Motors,Mumbai,27948
Samuel Sachs,Goldman Sachs,200 West Street,34000
Samuel Sachs,Goldman Sachs,200 West Street,34400
François Pinault,Kering,Paris,33000
David Edgerton,Burger King,Miami,34248
François Pinault,Kering,Paris,35877
Will Keith Kellogg,Kellogg's,Battle Creek,33577
Carl Karcher,CKE Restaurants,Carpinteria,20200
Heinz Nixdorf,Nixdorf Computer,Paderborn,31037
Cadwallader C. Washburn,General Mills,Golden Valley,35000
Igor Kolomoyskiy,PrivatBank,Dnipro,27507
Reinfried Pohl,Deutsche Vermögensberatung,Frankfurt am Main,35000
Cadwallader C. Washburn,General Mills,Minnesota,35000
Andrey Melnichenko,Siberian Coal Energy Company,Moscow,33500
Marc Benioff,Salesforce.com,Salesforce Tower,29000
Marc Benioff,Salesforce.com,Salesforce Tower,35000
Emanuel Lehman,Lehman Brothers,New York City,28556
Jeffrey B. Straubel,Tesla,Palo Alto,37543
Johann Gottfried Spiesshofer,Triumph International,Heubach,33000
Mayer Lehman,Lehman Brothers,New York City,28556
Václav Laurin,Škoda Auto,Mladá Boleslav,33696
Elon Musk,Tesla,Palo Alto,37543
David H. McConnell,Avon Products Inc,New York City,28300
David H. McConnell,Avon Products Inc,New York City,36700
Maurice Mallet,Zodiac Aerospace,Plaisir,32567
Pietro Ferrero,Ferrero SpA,Alba,33219
Henadiy Boholyubov,PrivatBank,Dnipro,27507
Hiram Hutchinson,Hutchinson SA,Paris,35213
Giovanni Battista Pirelli,Pirelli,Milan,30198
Axel Oxenstierna,Posten AB,Arken,30000
J. P. Morgan,U.S. Steel,Pittsburgh,42000
Ernest Solvay,Solvay,Brussels metropolitan area,30900
Martin Eberhard,Tesla,Palo Alto,37543
Marc Tarpenning,Tesla,Palo Alto,37543
Charles Joseph Bonaparte,Federal Bureau of Investigation,"Washington, D.C.",35104
Daniel Swarovski,Swarovski,Wattens,32000
"Eugen Hilti, Martin hilti",Hilti,Schaan,28000
Pietro Ferrero,Ferrero SpA,Frankfurt am Main,33219
Charles Kalms,Dixons Retail,Hemel Hempstead,38000
Oleg Zherebtsov,Lenta,Saint Petersburg,35100
Henry Lehman,Lehman Brothers,New York City,28556
Scott McNealy,Sun Microsystems,Santa Clara,34600
Enrico Mattei,Eni,Rome,29053
Vinod Khosla,Sun Microsystems,Santa Clara,34600
Václav Klement,Škoda Auto,Mladá Boleslav,33696
Serhiy Tihipko,PrivatBank,Dnipro,27507
James McLamore,Burger King,Miami,34248
Michael Braun,Triumph International,Bad Zurzach,33000
Luo Jye,Cheng Shin Rubber,Taiwan,30000
Bill Joy,Sun Microsystems,Santa Clara,34600
John Schnatter,Papa John's Pizza,Louisville,20700
Andrew Carnegie,U.S. Steel,Pittsburgh,42000
Park Tae-joon,POSCO,Pohang,37225
"Richard S. Reynolds, Sr.",Reynolds Group Holdings,Richmond,29000
Don Panoz,Mylan,Canonsburg,35000
Tomáš Baťa,Bata Limited,Lausanne,30000
J. Edgar Hoover,Federal Bureau of Investigation,"Washington, D.C.",35104
Andrej Babiš,Agrofert,Prague,32730
John McElroy,Boston College,Chestnut Hill,3800
Russel Simmons,Yelp,140 New Montgomery,4350
Franklin Delano Roosevelt,U.S. Securities and Exchange Commission,"Washington, D.C.",4301
Isser Harel,Mossad,Hadar Dafna Building,3000
Günther Fielmann,Fielmann,Barmbek-Süd,3417
Rui Nabeiro,Delta Cafés,Campo Maior,3000
Jeremy Stoppelman,Yelp,140 New Montgomery,4350
Francis II,University of Rennes 1,Rennes,3201
Noah Glass,"Twitter, Inc.",United States of America,3898
Jacques-Henry Mallet,The Pictet Group,Geneva,4358
Biz Stone,"Twitter, Inc.",United States of America,3898
Liam Anderson,De La Rue,Basingstoke,4000
Charles-Louis Havas,Agence France-Presse,Paris,3760
Dennis Fairclough,Novell,Waltham,4000
Mark Palmer,Central European Media Enterprises,Hamilton,4100
Gerald D. Hines,Hines Interests Limited Partnership,Williams Tower,3775
Max Bahr,Max Bahr,Hamburg,3188
Evan Williams,"Twitter, Inc.",United States of America,3898
Dennis Fairclough,Novell,Provo,4000
David Sun,Kingston Technology,Fountain Valley,4000
Ronald Lauder,Central European Media Enterprises,Hamilton,4100
Robert Riemerschmid,Bayerischer Rundfunk,Munich,3402
Tom Slick,Southwest Research Institute,San Antonio,3000
Jaroslav Strnad,Czechoslovak Group,Prague,3599
Dositej Obradović,University of Belgrade,Belgrade,4200
Dorothy Stowe,Greenpeace,Amsterdam,2900
R. J. Reynolds,R. J. Reynolds Tobacco Company,Winston-Salem,4000
Yuri Milner,Mail.Ru Group,Moscow,2867
Yuri Milner,Mail.Ru Group,Moscow,3122
Andrei Tupolev,Tupolev,Moscow,4049
Marc Benioff,Salesforce.com,Salesforce Tower,3566
Marc Benioff,Salesforce.com,Salesforce Tower,3969
David Ben-Gurion,Mossad,Ramat HaSharon,3000
Yuri Milner,Mail.Ru Group,Leningradsky Avenue,2867
Yuri Milner,Mail.Ru Group,Leningradsky Avenue,3122
Gojong of the Korean Empire,Republic of Korea National Red Cross,Seoul,3518
Holland Nimmons McTyeire,Vanderbilt University,Nashville,3358
Mikhail Mil,Mil Moscow Helicopter Plant,Tomilino,3246
Jules B. Kroll,Kroll Inc.,New York City,3500
Jim Bohlen,Greenpeace,Amsterdam,2900
Vivek Ranadivé,Tibco Software,Palo Alto,4200
Deep Kalra,MakeMyTrip,Gurgaon,3426
Dmitry Grishin,Mail.Ru Group,Moscow,2867
Dmitry Grishin,Mail.Ru Group,Moscow,3122
Jack Dangermond,Esri,Redlands,3100
Eugene Kaspersky,Kaspersky,Moscow,3300
Eugene Kaspersky,Kaspersky,Moscow,3600
Iqbal Quadir,Grameenphone,Baridhara,3638
Dmitry Grishin,Mail.Ru Group,Leningradsky Avenue,2867
Dmitry Grishin,Mail.Ru Group,Leningradsky Avenue,3122
Émile Boutmy,Sciences Po,Paris,3275
Jack Dorsey,"Twitter, Inc.",United States of America,3898
Alex d'Arbeloff,Teradyne,Boston,3200
Enzo Ferrari,Ferrari,Maranello,3815
Mikhail Mil,Mil Moscow Helicopter Plant,Moscow,3246
Irving Stowe,Greenpeace,Amsterdam,2900
John Anderson,University of Strathclyde,Glasgow,3200
Jacob-Michel-François de Candolle,The Pictet Group,Geneva,4358
John Tu,Kingston Technology,Fountain Valley,4000
Nazmul Hasan Papon,University of Dhaka,Dhaka,3408
Werner Otto,ECE Projektmanagement,Hamburg,3400
David Ben-Gurion,Mossad,Hadar Dafna Building,3000
Robert Keane,Vistaprint,Venlo,4100
Josiah Wedgwood,Wedgwood,Stoke-on-Trent,3100
Isser Harel,Mossad,Ramat HaSharon,3000
Victor Civita,Grupo Abril,São Paulo,3000
Melitta Bentz,Melitta,Minden,3672
Luigi Lavazza,Lavazza,Turin,3800
Vernon Rudolph,Krispy Kreme,Winston-Salem,4000
Eugene Kaspersky,Kaspersky,Leningradskoye Highway,3300
Eugene Kaspersky,Kaspersky,Leningradskoye Highway,3600
Edwin G. Booz,Booz & Company,New York City,3300
Pere Gallés,Europastry,Sant Cugat del Vallès,3000
Pere Gallés,Europastry,Sant Cugat del Vallès,2800
Max Grundig,Grundig,Nuremberg,4000
David W. Thompson,Orbital Sciences Corporation,Dulles,3300
Pavel Sukhoi,Sukhoi,Moscow,26000
Henry Lomb,Bausch & Lomb,Rochester,12000
Mustafa Kemal Atatürk,Turkey Business Bank,Istanbul,24887
John Warnock,Adobe,San Jose,11847
Eduardo Saverin,"Facebook, Inc.",Menlo Park,23165
Iwasaki Yatarō,Mitsubishi,Tokyo,350000
Sumner Redstone,Viacom,One Astor Plaza,11200
Jerry Sanders,Advanced Micro Devices,Sunnyvale,11705
Chaleo Yoovidhya,Red Bull GmbH,Fuschl am See,11886
Dietrich Mateschitz,Red Bull GmbH,Fuschl am See,11886
Marc Ewing,Red Hat,Raleigh,12000
Jerry Sanders,Advanced Micro Devices,California,11705
Leonard Riggio,Barnes & Noble,New York City,26000
Lee Byung-chul,Samsung,Samsung Town,489000
Ernst Werner von Siemens,Siemens,Palais Ludwig Ferdinand,372000
Max Théret,Fnac,Ivry-sur-Seine,26018
Andrew Mason,Groupon,Chicago,12000
Chris Malachowsky,NVIDIA,California,11528
Charles Geschke,Adobe,San Jose,11847
Charles A. Coffin,General Electric,Boston,295000
Emilio Azcárraga Milmo,Televisa,Mexico City,24362
Dustin Moskovitz,"Facebook, Inc.",Menlo Park,23165
James E. Casey,United Parcel Service,Sandy Springs,434000
Jerry Sanders,Advanced Micro Devices,Santa Clara,11705
Ernst Werner von Siemens,Siemens,Berlin,372000
Yves Guillemot,Ubisoft,Montreuil,11779
Jen-Hsun Huang,NVIDIA,California,11528
Michel Guillemot,Ubisoft,Montreuil,11779
Robert Bosch,Robert Bosch GmbH,Stuttgart,400100
Chris Malachowsky,NVIDIA,Santa Clara,11528
Jack Gifford,Advanced Micro Devices,Sunnyvale,11705
Vehbi Koç,Arçelik,Istanbul,25000
John Francis mongoul,Monsanto,Creve Coeur,25500
John Jacob Bausch,Bausch & Lomb,Rochester,12000
Jack Gifford,Advanced Micro Devices,California,11705
Diane Greene,VMware Inc.,Palo Alto,24200
Marc Benioff,Salesforce.com,Salesforce Tower,25000
Emanuel Lehman,Lehman Brothers,New York City,26200
Mayer Lehman,Lehman Brothers,New York City,26200
Chris Hughes,"Facebook, Inc.",Menlo Park,23165
Jen-Hsun Huang,NVIDIA,Santa Clara,11528
Laurence D. Fink,BlackRock,New York City,11400
Carl Tchilinghiryan,Tchibo,Hamburg,12000
Leroy Grumman,Grumman,Bethpage,23000
William Redington Hewlett,Hewlett-Packard,Palo Alto,302000
Oliver Chace,Berkshire Hathaway,Omaha,361270
Jeff Bezos,Amazon,Seattle,675500
John Francis mongoul,Monsanto,St. Louis,25500
Adélard Godbout,Hydro-Quebec,Hydro-Québec Building,23616
Jack Gifford,Advanced Micro Devices,Santa Clara,11705
Charles Ranlett Flint,IBM,Armonk,350600
Bob Young,Red Hat,Raleigh,12000
Steve Ross,WarnerMedia,New York City,25600
Kiichiro Toyoda,Toyota,Toyota,348877
Edwin Turney,Advanced Micro Devices,Sunnyvale,11705
Reid Hoffman,LinkedIn,Sunnyvale,11800
Ruben Rausing,Tetra Pak,Pully,22896
Curtis Priem,NVIDIA,California,11528
Henry Lehman,Lehman Brothers,New York City,26200
Yves Guillemot,Ubisoft,Rennes,11779
Khalifa bin Zayed Al Nahyan,Etihad Airways,Abu Dhabi,24558
Adélard Godbout,Hydro-Quebec,Montreal,23616
Michel Guillemot,Ubisoft,Rennes,11779
Henri Nestlé,Nestlé,Vevey,328000
Edwin Turney,Advanced Micro Devices,California,11705
Mark Zuckerberg,"Facebook, Inc.",Menlo Park,23165
Mendel Rosenblum,VMware Inc.,Palo Alto,24200
Garrett Camp,Uber,San Francisco,12000
Steve Ross,WarnerMedia,Delaware,25600
Marcel Dassault,Dassault Aviation,Paris,11398
Edwin J. Houston,General Electric,Boston,295000
David Packard,Hewlett-Packard,Palo Alto,302000
Ernesto Nathan,ATAC,Rome,11024
Elihu Thomson,General Electric,Boston,295000
Curtis Priem,NVIDIA,Santa Clara,11528
Max Herz,Tchibo,Hamburg,12000
Harvey Samuel Firestone,Firestone Tire and Rubber Company,Nashville,23000
Robert S. Kapito,BlackRock,New York City,11400
Edwin Turney,Advanced Micro Devices,Santa Clara,11705
Richard Kinder,Kinder Morgan,Houston,11075
André Essel,Fnac,Ivry-sur-Seine,26018
Thomas Alva Edison,General Electric,Boston,295000
Andrew McCollu,"Facebook, Inc.",Menlo Park,23165
Jagdish Chandra Mahindra,Mahindra & Mahindra,Mumbai,11600
Henry Dunant,International Red Cross and Red Crescent Movement,Geneva,300000
Travis Kalanick,Uber,San Francisco,12000
Charles Ranlett Flint,IBM,New York,350600
Bernard Kroger,Kroger,Cincinnati,453000
Bernard Kroger,Kroger,Cincinnati,338300
Rinat Akhmetov,DTEK,Kyiv,140000
Bill Bain,Bain & Company,Boston,9000
Frederick W. Robertshaw,Robertshaw,Itasca,7000
Petro Poroshenko,Roshen,Kremenchuk,9000
Ed Iacobucci,Citrix Systems,Fort Lauderdale,9000
Vasily Tatishchev,Motovilikha Plants,Perm,7000
Íris Abravanel,Jequiti,Osasco,7000
Carlos Holguín Mallarino,National Police of Colombia,CAN,180000
"Alfred Harmsworth, 1st Viscount Northcliffe",Daily Mail and General Trust,London,9600
William Redington Hewlett,HP Inc.,Palo Alto,48000
Tatyana Bakalchuk,Wildberries,Moscow,20000
Wilhelm Werhahn,Wilh. Werhahn KG,Neuss,8710
Wilhelm Werhahn,Wilh. Werhahn KG,Neuss,9189
Bruno Bolfo,DITH,Lugano,3164
Petro Poroshenko,Roshen,Yahotyn,9000
"Alfred Harmsworth, 1st Viscount Northcliffe",Daily Mail and General Trust,Kensington,9600
Agostino Rocca,Techint,Buenos Aires,59196
Alexandre Grendene Bartelle,Grendene,Sobral,22100
Jaume Roures,Mediapro,Mediapro Tower,6695
Olivier Baussan,Bodia Spa Cambodian Cocoon,Manosque,7700
August Kongsted,Novo Nordisk,Bagsværd,42400
Wayne Huizenga,"Waste Management, Inc",Houston,43000
Ivica Todorić,Agrokor,Zagreb,40000
Pere Carbó,Caprabo,L'Hospitalet de Llobregat,10100
Marie Krogh,Novo Nordisk,Bagsværd,42400
Abdul-Aziz bin Muhammad,Royal Saudi Navy,Riyadh,60000
Rupert Murdoch,21st Century Fox,New York City,25000
Ingvar Kamprad,INGKA Holding,Leiden,166985
Ma Huateng,Tencent,Shenzhen,44796
Pere Carbó,Caprabo,Barcelona,10100
Napoleon III,Vivendi,Paris,44142
Steno Marcegaglia,Marcegaglia,Gazoldo degli Ippoliti,6500
Robert Half,Robert Half International,Menlo Park,11300
Robert Pierce,World Vision International,Monrovia,40000
Asa Griggs Candler,The Coca-Cola Company,Atlanta,200000
René Benko,Signa Holding,Innsbruck,46000
Steve Ells,Chipotle Mexican Grill,Denver,45200
August Krogh,Novo Nordisk,Bagsværd,42400
Elie Horn,Cyrela Brazil Realty,São Paulo,8000
George Gilman,The Great Atlantic & Pacific Tea Company,Montvale,42872
Wang Chuanfu,BYD Company,Shenzhen,194000
William Heinecke,Minor Food Group,Khlong Toei,37972
Petro Poroshenko,Roshen,Budapest,9000
Robert Pierce,World Vision International,Recife,40000
Marcellin Leroy,Leroy-Somer,Angoulême,8000
Jacques Courtin,Clarins Group,Neuilly-sur-Seine,10000
James Truchard,National Instruments,Austin,6235
Tatyana Bakalchuk,Wildberries,"Milkovo, Moscow Oblast",20000
Ralph Lauren,Ralph Lauren Corporation,New York City,6900
Robert Pritzker,Marmon Group,Chicago,20000
Petro Poroshenko,Roshen,Lipetsk,9000
Robert Buchan,Kinross Gold,Toronto,9300
Leonard Riggio,Barnes & Noble,New York City,40000
Denis O'Brien,Digicel El Salvador,Haiti,6500
Marc Andreessen,Netscape Comunications Corporation,Mountain View,10000
Levi Strauss,Levi Strauss & Co.,San Francisco,10000
Keiichiro Takahara,Unicharm,Minato-ku,10287
Pradeep Sindhu,Juniper Networks,Sunnyvale,9419
Jack Gifford,Maxim Integrated,San Jose,9300
Irwin M. Jacobs,Qualcomm Inc.,San Diego,41000
Joe Albertson,Albertsons,Boise,250000
John W. Stanton,T-Mobile US,Bellevue,38000
Joseph Tsai,Alibaba Group,Binjiang District,50097
David M. Overton,The Cheesecake Factory,Calabasas,38800
Sam Eyde,Elkem,Oslo,6280
Petro Poroshenko,Roshen,Klaipėda,9000
Albert Toll,Toll Group,Melbourne,40000
Aneel Bhusri,"Workday, Inc.",Pleasanton,10500
William Redington Hewlett,Keysight Technologies,Santa Rosa,9500
Jacques Courtin,Clarins Group,Pontoise,10000
He Xiangjian,Midea,Shunde District,135000
Anton Kathrein,Kathrein-Werke,Rosenheim,8900
Rupert Murdoch,21st Century Fox,1211 Avenue of the Americas,25000
John Lewis,John Lewis Partnership,London,98000
François Pinault,Kering,Paris,44000
Edir Macedo,Grupo Record,São Paulo,9000
George W. Rice,Massachusetts Mutual Life Insurance Company,Springfield,8000
Petro Poroshenko,Roshen,Vinnytsia,9000
Sidney Harman,Harman International Industries,Stamford,11246
Petro Poroshenko,Roshen,Kyiv,9000
Rudi Finžgar,Elan,Begunje na Gorenjskem,121732
Rinat Akhmetov,DTEK,Donetsk,140000
Ernestina Herrera de Noble,Grupo Clarín,Buenos Aires,7000
Samuel Smith,Smiths Group,London,23250
Afonso Pinto de Magalhães,Sonae,Maia,43300
Jean Nidetch,WW International,New York City,25000
Zhang Zhidong,Tencent,Shenzhen,44796
Carl von Thieme,Munich Re,Munich,42410
Andrei Tupolev,Tupolev,Moscow,9648
Chen Yidan,Tencent,Shenzhen,44796
Marc Benioff,Salesforce.com,Salesforce Tower,9800
Jack Ma,Alibaba Group,Binjiang District,50097
Henry Ford,Ford Motor Company of Canada,Oakville,23500
Dmitry Zimin,OJSC VimpelCom,Moscow,38000
Lynn D. Stewart,Hooters,Atlanta,25000
Marcel Bleustein-Blanchet,Publicis,133 avenue des Champs-Élysées,44000
Andrew Viterbi,Qualcomm Inc.,San Diego,41000
Hans Christian Hagedorn,Novo Nordisk,Bagsværd,42400
Tadashi Yanai,Fast Retailing,Yamaguchi,8055
Levi Strauss,Levi Strauss & Co.,Levi's Plaza,10000
Lu Xiang-yang,BYD Company,Shenzhen,194000
Jos de Blok,Buurtzorg Nederland,Almelo,10000
Edwin Ruud,Rheem,Atlanta,7000
John D. Hertz,The Hertz Corporation,Estero,38000
Dieter Schwarz,Kaufland Česká republika,Prague,11097
Dean Buntrock,"Waste Management, Inc",Houston,43000
Ray Stata,Analog Devices,Norwood,9200
Patrick Joseph McGovern,IDG,United States of America,12000
Edward C. Johnson II,Fidelity Investments,Boston,45000
Robert Larue Stewart,"GMA Network, Inc.",GMA Network Center,7406
João Gerdau,Gerdau,Porto Alegre,47000
James H. Clark,Netscape Comunications Corporation,Mountain View,10000
Dave Thomas,Wendy's International,Dublin,58000
Ludwig II of Bavaria,Technical University of Munich,Munich,9595
David Duffield,"Workday, Inc.",Pleasanton,10500
Wang Wei,SF Express,Shenzhen,240000
Wilhelm Finck,Munich Re,Munich,42410
Arthur L. Parker,Parker Hannifin,Cleveland,57500
Robert Kotick,Activision Blizzard,Santa Monica,9000
Warren A. Bechtel,Bechtel,San Francisco,44000
Gerard Romy Belilos,Mediapro,Mediapro Tower,6695
James Maynard,Golden Corral,Raleigh,9000
Edson Queiroz,Grupo Edson Queiroz,Fortaleza,11400
Walter L. Jacobs,The Hertz Corporation,Estero,38000
Albert Louis Georges Nève,Taganrog Metallurgical Plant,Taganrog,6000
Pieter Geelen,TomTom,Amsterdam,4600
Olivier Roux,GL Events,2nd arrondissement of Lyon,4298
Alexander I of Russia,Kalashnikov Concern,Proezd Deryabina,5930
Daniel Edelman,Edelman,New York City,5500
Corinne Vigreux,TomTom,Amsterdam,4600
Harold Goddijn,TomTom,Amsterdam,4600
Marc Randolph,Netflix,Los Gatos,5400
Andrónico Lukšić,Antofagasta PLC,London,5637
Tan Kah Kee,Xiamen University,Xiamen,4600
Ehsan Bayat,Afghan Wireless,Kabul,5500
Mikhail Yangel,Yuzhnoye Design Office,Dnipro,5500
Oleg Tinkov,Tinkoff Bank,Moscow,4600
Govert van Oord,Van Oord,Rotterdam,5000
Alexander Duff,University of Calcutta,Kolkata,5500
Tommy Hilfiger,Tommy Hilfiger Corporation,New York City,5000
Hans Christian Ørsted,Technical University of Denmark,Kongens Lyngby,5800
Carl Frederik Tietgen,DFDS,Copenhagen,5930
Fusajiro Yamauchi,Nintendo,Higashiyama-ku,5120
Michael Morhaime,Blizzard Entertainment,Irvine,4700
Jérémy Hodara,Jumia,Ikeja,5000
Martin Herrenknecht,Herrenknecht,Schwanau,4600
Facundo Bacardi,Bacardi,Hamilton,6000
Pat Hanrahan,Tableau Software,Fremont,4181
Charles Kaman,Kaman Aircraft,Bloomfield,4743
Bill Lear,Learjet,Wichita,4975
Peter-Frans Pauwels,TomTom,Amsterdam,4600
John Cockerill,John Cockerill,Seraing,4470
Henry Ford,Ford Australia,Melbourne,6000
Robert Metcalfe,3Com,Marlborough,6000
Andrey Fedorovich Deryabin,Kalashnikov Concern,Proezd Deryabina,5930
Fusajiro Yamauchi,Nintendo,Kyoto,5120
Wilhelm von Humboldt,Humboldt University of Berlin,Prince Henry Palace,4479
Alexander I of Russia,Kalashnikov Concern,Izhevsk,5930
Hiroaki Aoki,Benihana,Doral,5000
Subaskaran Allirajah,LycaMobile,London,5000
Marc Benioff,Salesforce.com,Salesforce Tower,5306
Ralph Freeman,Hyder Consulting,London,5000
Li Hejun,Hanergy,Beijing,5000
William J. Rutter,Chiron Corporation,Emeryville,5400
James Braidwood,London Fire Brigade,London,5992
Martin Herrenknecht,Herrenknecht,Baden-Württemberg,4600
Henry A. Wallace,Pioneer Hi-Bred,Johnston,5000
Ewald Witte,Witte Automotive,Velbert,4100
Ewald Witte,Witte Automotive,Velbert,4600
Kendall D. Garff,Ken Garff Automotive Group,Salt Lake City,4700
Paul I of Russia,Kirov Plant,Saint Petersburg,5900
Sehat Sutardja,Marvell Technology Group,Hamilton,5300
Fusajiro Yamauchi,Nintendo,Shimogyō-ku,5120
Pablo DT Valenzuela,Chiron Corporation,Emeryville,5400
Michael G. Rubin,GSI Commerce,King of Prussia,5616
Marc Seriff,AOL,New York City,5600
Rihachi Mizuno,Mizuno Corporation,Ōsaka,5808
Seiemon Inaba,FANUC,Oshino,5092
Ken Xie,Fortinet,Sunnyvale,5066
Steve Case,AOL,New York City,5600
Fred A. Lennon,Swagelok,Solon,4800
Olivier Ginon,GL Events,2nd arrondissement of Lyon,4298
John IV,Université catholique de Louvain,Louvain-la-Neuve,5893
Daniel Gauthier,Cirque du Soleil,Montreal,5020
Pat Hanrahan,Tableau Software,Seattle,4181
Hubert Perrodo,Perenco,France,6000
Amand Struve,Kolomna Locomotive Works,Kolomna,5857
Jim Kimsey,AOL,New York City,5600
Patricia House,Siebel Systems,San Mateo,5000
Andrey Fedorovich Deryabin,Kalashnikov Concern,Izhevsk,5930
Larry Nichols,Devon Energy,Oklahoma City,5900
Enrique de Sendagorta Aramburu,SENER,Spain,6000
Oleg Tinkov,Tinkoff Bank,1st Volokolamsky Passage,4600
Thomas Sopwith,Sopwith Aviation Company,Kingston upon Thames,5000
Guy Laliberté,Cirque du Soleil,Montreal,5020
Thomas Siebel,Siebel Systems,San Mateo,5000
William the Silent,Leiden University,Leiden,5500
Horácio Roque,Banif Financial Group,Funchal,5400
Reed Hastings,Netflix,Los Gatos,5400
Jerome Swartz,Symbol Technologies,Holtsville,5400
Bob Parsons,GoDaddy,Scottsdale,5990
Joseph Szydlowski,Safran Helicopter Engines,Bordes,4905
Joseph Szydlowski,Safran Helicopter Engines,Bordes,5178
Nikolay Yegorovich Zhukovsky,Central Aerohydrodynamic Institute,Moscow,4490
Mohammed bin Rashid Al Maktoum,Dubai World,Dubai,5000
Mark R. Hughes,Herbalife,Cayman Islands,4500
Pierre-Théodore Verhaegen,Free University of Brussels,Avenue Franklin Roosevelt - Franklin Rooseveltlaan,5000
Tommy Hilfiger,Tommy Hilfiger Corporation,Amsterdam,5000
Charles Henry Harrod,Harrods,London,5000
"William II, Margrave of Meissen",Leipzig University,Leipzig,5300
Gilles Ste-Croix,Cirque du Soleil,Montreal,5020
Assis Chateaubriand,Diários Associados,Brasília,4647
Theodore Roosevelt,United States Bureau of Reclamation,"Washington, D.C.",5425
George Touche,Deloitte,London,286000
William Welch Deloitte,Deloitte,New York City,286000
Jamsetji Tata,Tata Group,Mumbai,289500
Abraham Lincoln,Union Army,"Washington, D.C.",2128948
Francisco D'Souza,Cognizant,Teaneck,266200
George Dayton,Target Corporation,Minneapolis,345000
J. R. D. Tata,Tata Consultancy Services,Mumbai,394998
Terry Gou,Hon Hai Precision Industry,New Taipei City,618460
George Touche,Deloitte,New York City,286000
William Jardine,Jardine Matheson,Hamilton,443700
William Jardine,Jardine Matheson,Hong Kong,443700
Alwin Charles Ernst,Ernst & Young,More London,270000
Frits Goldschmeding,Randstad N.V.,Diemen,658580
Martin Lorentzon,Spotify Technology,Luxembourg,4405
Kumar Mahadeva,Cognizant,Teaneck,266200
Adrian Dalsey,DHL,Post Tower,510000
Caleb Bradham,PepsiCo,Purchase,264000
Sam Walton,Walmart,Arkansas,2300000
Sergey Galitsky,Magnit,Krasnodar,297746
Lakshmi Narayanan,Cognizant,Teaneck,266200
Arthur Blank,The Home Depot,Atlanta,325000
James Matheson,Jardine Matheson,Hamilton,443700
Gérard Mulliez,Auchan,Croix,302500
Arthur Young,Ernst & Young,More London,270000
Larry Hillblom,DHL,Post Tower,510000
Vladimir Putin,Rostec,Moscow,453000
Bernard Marcus,The Home Depot,Atlanta,325000
Daniel Ek,Spotify Technology,Luxembourg,4405
James Matheson,Jardine Matheson,Hong Kong,443700
Pat Farrah,The Home Depot,Atlanta,325000
Garrett Camp,Uber,San Francisco,350000
F. C. Kohli,Tata Consultancy Services,Mumbai,394998
Sam Walton,Walmart,Bentonville,2300000
Robert Lynn,DHL,Post Tower,510000
Jack Cohen,Tesco,Welwyn Garden City,482152
Karl Benz,Daimler-Benz,Stuttgart,368200
Karl Benz,Daimler-Benz,Stuttgart,300068
William Welch Deloitte,Deloitte,London,286000
Gottlieb Daimler,Daimler-Benz,Stuttgart,368200
Gottlieb Daimler,Daimler-Benz,Stuttgart,300068
Lorenz Werthmann,Deutscher Caritasverband,Freiburg im Breisgau,617000
Frederick W. Smith,FedEx,Memphis,400000
Ron Brill,The Home Depot,Atlanta,325000
Travis Kalanick,Uber,San Francisco,350000
